"","temperature","n_eggs"
"mean",272.51868,101.22
"median",273.426,100
"max",325.426,130
"min",225.193,70
"std",20.8064995154889,9.83183221089109
